marcaCoche,modeloCoche,a√±oCoche,VINCoche
Mercury,Grand Marquis,1989,1C3CDFDH9FD525634
Chevrolet,Impala,2009,WAUUL98EX6A102015
Ford,Explorer,1993,1D7RE3GK6BS840170
Subaru,Leone,1986,WBA3N7C55FK602952
Ford,E150,2004,3N1AB6AP1AL785200
Honda,S2000,2007,4USFE83527L184961
Mazda,Millenia,2001,YV126MEB2F1030137
Cadillac,Escalade ESV,2003,JH4NA12661T592464
Cadillac,DeVille,2001,1FTEX1CM8CF630062
Mercedes-Benz,190E,1992,JH4DC53093S098504
Chevrolet,TrailBlazer,2006,SALVP1BG2EH559665
Mitsubishi,L300,1988,1GYS3AEF1BR805260
Mitsubishi,Galant,1995,1GYFK23289R170140
Cadillac,Escalade ESV,2007,ZFF75VFA0F0120579
Suzuki,XL-7,2001,JH4CU4F47AC678133
Infiniti,IPL G,2012,WA1AY94LX9D300747
Mitsubishi,Diamante,2005,SCFEBBEL1DG835750
Pontiac,Firebird,1994,SCBCR7ZA5AC523363
Dodge,Ram 2500 Club,1997,JN8AF5MR6CT477533
Nissan,Quest,1997,WAULD64B82N556768
Subaru,Justy,1993,3N1AB6AP0AL256983
Toyota,Corolla,2000,JH4CU2F42DC484831
Mercedes-Benz,S-Class,1999,1FTMF1CW1AF643653
Ford,Thunderbird,1965,1FTWW3CY8AE322379
Honda,Civic,1993,WA1DGAFE9BD920267
Mitsubishi,Lancer Evolution,2005,1G6DX67D790059796
Toyota,Highlander,2009,2C3CDXJG5FH709909
Toyota,Matrix,2007,WVWAP7AN1EE555049
Mazda,Protege,2000,KNADN5A37F6420365
Volkswagen,Golf,2011,3C63D3EL8CG504227
Mazda,626,1999,WAUCVAFR3BA454554
Volvo,S80,2011,WBANA735X4B176001
Mazda,MX-5,1999,WBA3A5G5XEN405511
Mercedes-Benz,CL-Class,2012,2T1BU4EE5BC368403
Mercedes-Benz,CLK-Class,2008,1G6YV34A455636216
Dodge,Ram 2500,2005,JTDKN3DU7F0942063
Mercury,Topaz,1985,WBA3B9G58EN665586
Pontiac,Bonneville,1986,WAUFEBFM5BA102194
Volvo,S40,2001,3VWC17AU2FM939979
Audi,4000s,1986,1C4RDHDG6CC874891
Mitsubishi,Galant,2010,WDDHF8JB2DA372705
Porsche,Boxster,1998,SALFR2BG1EH761417
Ford,Econoline E350,2002,SALGS2TF8FA743294
Mitsubishi,Challenger,2000,WBALM73549E130684
Mitsubishi,Lancer,2012,5GADV23L25D983723
Cadillac,Catera,2001,WAUAF98E66A129772
BMW,3 Series,1995,2T2BK1BA4FC411426
Volkswagen,Passat,2001,WP0AA2A90FS251589
Mazda,MPV,1991,1FTFW1E83AK009646
Jaguar,S-Type,2005,5FNRL5H26EB282803
Mercury,Marquis,1985,1FMCU4K30BK976439
Chrysler,200,2012,1FAHP2D86FG703053
Mercedes-Benz,S-Class,2003,JTEBU4BF0CK612595
Pontiac,Bonneville,1995,3VW4T7AT5EM215675
Land Rover,Defender 110,1993,WVGAV7AX6FW359929
Spyker,C8 Double 12 S,2006,WAUBF78E58A952625
Chevrolet,S10,1997,1C4RDJAG7EC373295
Chevrolet,Silverado 2500,2000,WBA3B5C59DF602004
GMC,Envoy,2002,WAUDH78E98A259057
Honda,Odyssey,1999,JM1GJ1T67E1739580
Tesla,Model S,2012,2HNYD18786H763753
BMW,330,2006,WVGAV7AX5CW193804
Mazda,Tribute,2006,KMHTC6AD0CU586698
Pontiac,Montana,2003,WAUHFBFL2DN243281
Volkswagen,GTI,2012,1ZVBP8AN1A5366368
Mitsubishi,Montero,2000,JN8AZ1MU1CW121137
Chevrolet,Venture,2001,WBA3C3C57DF765154
Volvo,V50,2011,3GYFNDE33FS315389
Lexus,RX,2000,WAUNF98P26A769965
Holden,VS Commodore,1996,1FTWF3C53AE594425
GMC,Canyon,2006,1GYS4MKJ6FR021878
GMC,Yukon XL 2500,2004,WAUAC48H43K916635
Mitsubishi,L300,1990,JM1CW2BL0D0530845
Audi,V8,1994,3GYFNFEY9AS693250
Ford,Thunderbird,1972,1FTMF1E85AF082677
Ford,F250,2007,1NXBU4EE3AZ259628
Ford,Focus,2012,1FMCU9E74AK885071
Dodge,Caravan,2002,WDCGG0EBXFG292156
Ford,Aerostar,1993,1FTEW1CF9FK071251
Volvo,XC60,2010,1G6AC1RXXF0409474
Dodge,Intrepid,2001,1FMEU3BE7AU195635
Ford,F-Series,1992,1GKS1CKJ8FR862811
Volvo,S80,2000,WAUFGBFC6EN595561
Ferrari,599 GTB Fiorano,2007,SCBLC31E81C936726
Toyota,Paseo,1997,JTDKTUD30ED361174
GMC,Sierra 1500,2012,YV1672MK2A2150916
BMW,3 Series,2004,KNAGM4AD0B5939020
Toyota,Previa,1996,1G4HF57978U394972
Ford,Escort,1996,1GD02ZCGXDF811827
Jeep,Liberty,2006,5UXZV4C51CL732355
Infiniti,G,2008,SCFFDCBD6BG247146
Dodge,Caliber,2011,WAUJC58E35A434680
Plymouth,Prowler,2000,3D7LT2ET0BG843042
Mercedes-Benz,SL-Class,1995,5TDDK3DC6ES458566
Pontiac,Firebird,1993,1N6AD0CW3EN085156
Chrysler,Concorde,1999,JN1AZ4EHXCM537149
Mitsubishi,Montero,1994,WAUWGAFB9AN898331
Toyota,FJ Cruiser,2010,1VWAP7A34EC981728
Volvo,C70,2006,5J6TF1H34AL834282
Hummer,H2 SUV,2006,3VWA17AU8FM541781
Saab,9-7X,2007,19VDE1F57EE016120
Mercury,Topaz,1992,2G4GS5EV6C9646661
Lincoln,Navigator,2000,WAUDFAFC8CN840779
Lexus,IS-F,2008,1G6AA5RX0E0984842
Chevrolet,Astro,1993,JTDKDTB33E1291083
Lexus,RX,2010,5NPDH4AE8EH259132
Ford,E-Series,1995,WBAVC93518K151354
Audi,Coupe GT,1986,1FMJU1G56AE489291
Subaru,Brat,1987,KMHFG4JGXCA224640
Buick,Skylark,1991,WBAYA6C5XDC876182
Dodge,Dakota,2008,1GD02ZCG2BZ311883
Mercedes-Benz,SL-Class,1989,1FMHK7B80CG446372
Mercedes-Benz,E-Class,2004,WBANU5C52AB918074
Cadillac,Escalade,2011,1FBNE3BL7CD783199
Isuzu,Rodeo,1998,1GYS4SKJ9FR210996
Chevrolet,Cruze,2013,1G4GD5GR4CF865412
Audi,A6,2005,WBAPL5G58BN209994
Pontiac,Grand Prix,1977,1FAHP2DW1BG899573
Ford,Bronco,1989,1G6KF57961U211824
Buick,Skylark,1997,1G6DF5E55D0157016
Ford,Fusion,2009,WAUKF78EX5A825655
Chrysler,Concorde,2004,5TDBY5G12DS223172
Mercedes-Benz,E-Class,2002,WA1YD64B13N767508
Ford,Contour,2000,19UUA56721A377555
Volkswagen,Jetta,1986,JN1AY1AP0DM486096
Mitsubishi,3000GT,1992,1G6DJ8EG0A0940466
Jaguar,XK Series,2013,WBAEV334X3P704559
Cadillac,SRX,2012,2C3CDYAG5EH872418
Dodge,Viper,1997,WAUVT64B94N404769
Mitsubishi,Precis,1993,WBAUC9C57DV992082
Lincoln,Navigator,2003,1GYFC56259R423392
BMW,5 Series,1997,WVGEF9BP5DD592816
Lexus,SC,2003,WAURD68D42A993194
Infiniti,I,2003,1G4GL5G33DF030711
Pontiac,Sunfire,1995,WBAWC7C56AE911999
Mercury,Grand Marquis,2008,3VW517AT9FM286695
Volkswagen,Rabbit,2009,1GYFK66868R528342
Honda,Accord,2001,KM8NU4CC4BU425106
Chevrolet,Sportvan G20,1993,1FTMF1E88AF977760
Dodge,Ram 2500,2005,1D7RB1GK3BS285756
Volvo,XC70,2007,3VW4A7AT0DM051921
Chevrolet,Corvette,1968,WA1MYBFE9AD416688
Saab,9000,1988,5N1AN0NW1FN290548
Mercury,Marquis,1985,5UXZV4C53BL764691
Mazda,Mazda6,2013,1FTEW1CM2CF758526
Saturn,VUE,2009,WAUEF78E66A872714
BMW,Z8,2002,JM3TB2CV5F0147683
Toyota,Avalon,2009,JM1CW2BL1D0669463
Isuzu,Rodeo,1997,WAUKG78E85A023344
Plymouth,Acclaim,1992,KNDPB3AC2F7791070
Audi,A4,1998,WA1DMAFP2FA105040
Porsche,911,2005,YV4902DZ9B2692517
Dodge,Dakota,2003,KL4CJCSBXEB243167
Mitsubishi,Raider,2009,5FRYD4H4XEB612445
Oldsmobile,Bravada,1997,WAUJC58E62A031109
Mazda,MPV,2001,WA1LFBFP2BA513737
Dodge,Grand Caravan,2002,1G6AA5RXXE0765595
GMC,Acadia,2007,WAURV78T49A140279
Audi,A6,2000,WAULC68E85A929214
Jeep,Cherokee,1993,4T1BK3DB4BU287432
GMC,Savana,2009,WAU2GBFC8CN816430
Toyota,MR2,2001,3C3CFFDR0ET581893
Volvo,S60,2013,WAUMV94E68N380390
Pontiac,LeMans,1988,1GD11XEG8FF991403
Pontiac,Torrent,2008,19UUA9F24BA194932
Mitsubishi,Lancer,2001,4T1BD1EB9EU485800
Lincoln,LS,2003,1B3CB2HA1AD665937
Suzuki,SJ,1995,WA1DVBFEXAD823654
BMW,Z4 M,2009,JH4DC54824S997808
Mitsubishi,Lancer,2001,3C4PDCEG1DT555736
Chevrolet,Blazer,1999,WA1LKAFP2AA080098
Lexus,SC,2005,3C3CFFJH4FT007374
BMW,745,2004,1G4GC5GG6AF973481
Honda,S2000,2009,5LMJJ3H51DE933801
Land Rover,Defender,1994,1C4SDJET0CC004512
Volkswagen,CC,2013,WAUNF78P88A285256
Nissan,Altima,2013,WBSBR934X5P446651
Lincoln,Town Car,1986,1N6AF0LX5FN766875
Pontiac,G3,2010,SCBDC3ZAXDC369932
Chevrolet,Cavalier,1998,1FTEW1CF8FF203702
Hyundai,Tiburon,2008,1GD02ZCG5DF718925
Chevrolet,Traverse,2011,1C3BC2FB6BN164156
Ferrari,F430,2009,WVWED7AJ8BW231402
Ford,Explorer Sport Trac,2004,5UXWX9C54E0621734
Chevrolet,Corsica,1994,JTHFF2C29E2881910
Isuzu,Hombre,1998,1FMJK1G54DE942995
Mazda,Mazda3,2006,1G4GA5EC3AF920775
Toyota,4Runner,2011,1GYS4AEF6DR983147
Ford,Explorer,1994,1G4PR5SK4F4081212
Jeep,Wrangler,1995,19XFB4F23FE629708
Lamborghini,Countach,1986,JN8AF5MRXDT641853
Chevrolet,Suburban 2500,2012,1G6AM5S37E0550691
Dodge,Ram 2500 Club,1999,2G4G15GV7B9190118
Toyota,Prius,2012,4JGDF2EE3FA779280
Toyota,Land Cruiser,2008,WBA3B3G56EN263739
Aston Martin,Rapide,2012,1FMCU4K36BK584291
Cadillac,CTS,2005,1FTMF1EW6AK075050
Chevrolet,Silverado 1500,2006,1C3CCBAG0EN572292
GMC,Vandura 1500,1994,VNKKTUD39FA657689
Buick,Terraza,2005,WBA3C3C50EK563779
Dodge,Caravan,2008,2G4GV5EV6B9130791
Ford,Econoline E150,2000,1GYS3KEF5DR076012
Nissan,Frontier,2000,YV4852CT9B1043526
Maserati,Quattroporte,2010,WA1DKBFP6CA311159
Nissan,Pathfinder Armada,2004,JN1AZ4EH9BM911118
Isuzu,Rodeo Sport,2001,WBAVM1C59DV328109
Chevrolet,3500,1996,WDCYC3HF4EX544000
Toyota,Land Cruiser,2001,WVWED7AJ0BW243527
Volkswagen,Jetta,2008,1VWAP7A39EC574682
Audi,Allroad,2002,WAUVC58E63A160924
Jeep,Grand Cherokee,2004,5GAKRAED2CJ377669
Chevrolet,Express 3500,2006,5YMGY0C59DL065908
Hyundai,Genesis Coupe,2010,1G6DC1E35E0479009
Volkswagen,Touareg,2008,3D4PH9FG5BT062759
Cadillac,Catera,1997,5FRYD3H40EB873951
Mitsubishi,Montero,1995,WBS3C9C51FP864354
Volkswagen,Eurovan,2002,JHMZE2H72ES146819
Toyota,Venza,2010,2C3CCABGXFH590740
Pontiac,Firebird,1987,WAUKH98E78A192929
Chevrolet,Camaro,1971,WBAYB6C52DD441597
Volkswagen,Jetta III,1995,WBABW53486P004202
Volvo,S40,2000,SALVP2BG9FH395869
Chevrolet,Tahoe,1999,WAUKF98E46A740582
Toyota,Corolla,2004,WAUBVAFBXAN739452
Dodge,Intrepid,1998,1FTMF1C86AK198089
Nissan,Sentra,1999,JTEBU5JR5B5593878
Saab,9-3,2001,KNADM5A34D6789894
GMC,Sierra 2500,2003,5TDDCRFH1FS286425
Ford,Th!nk,2001,WBAVA375X7N289596
Porsche,Boxster,2006,3CZRE3H30BG759443
Pontiac,Fiero,1987,1GD020CG6CF571136
Buick,LeSabre,2000,YV1672MC8AJ994828
Toyota,Land Cruiser,2003,5N1AR2MM4FC592105
Mitsubishi,Pajero,1988,WP1AE2A20DL935519
Chrysler,300,2009,JTJBC1BA9A2716684
Mercedes-Benz,CL-Class,2004,3FADP4AJ0FM210699
BMW,X6 M,2012,1G6DX67D390198498
Ford,Explorer Sport,2003,2HNYD2H34DH925698
Volvo,S40,2006,19XFB2F57DE198981
Kia,Spectra,2005,2T1BURHE7EC017179
Audi,5000S,1985,3FAHP0GA3AR308803
Chevrolet,Cruze,2012,JTDZN3EU4D3035537
Suzuki,Vitara,2000,WAUWFAFH4DN063846
Dodge,Dakota Club,2002,1FMHK7B84BG153802
Mazda,B2000,1985,1C4RDJEG0DC140139
Mercedes-Benz,E-Class,1985,WAURFAFR5AA732991
Isuzu,Hombre,1996,1N6AA0CA0CN249344
Nissan,Versa,2011,SALAB2V6XEA468299
Aptera,Typ-1,2008,1G6YV36A065235521
BMW,X5,2005,1D7CW3GK1AS449851
Lincoln,Aviator,2003,JN8CS1MU2FM672769
Mazda,MX-6,1991,KNAGM4A79B5402396
Saab,9000,1994,WBAET37454N305426
Suzuki,Swift,1997,1G6YV36A575495382
Dodge,Ram Wagon B250,1992,1G6KS54Y43U733233
Geo,Prizm,1993,SALVN2BG2EH754726
Honda,Odyssey,1998,WAUAFAFL7AA789654
Honda,Accord,2008,WA1YL64B64N605829
Buick,LeSabre,1990,WDDPK5HA1FF135048
Chevrolet,Corvette,1984,5XYKT3A69FG024319
Ford,Freestyle,2007,1G6DK8EY8B0625051
Scion,tC,2006,3D73M3CL8AG864497
Dodge,Caliber,2009,WBABD33415J821863
Infiniti,QX,2002,2C3CCAAG0CH307369
Acura,Legend,1989,WAUGFBFC4EN990460
Buick,Roadmaster,1995,JH4KA965X2C725795
Buick,Skylark,1985,SAJWA4FC8EM764728
Pontiac,6000,1991,KMHFC4DF0AA928924
Ford,Freestar,2006,WAUMR94E39N353752
BMW,760,2005,JN1AY1AR1CM073068
Hyundai,Sonata,1993,WA1TFAFL2EA958832
Mazda,Miata MX-5,2012,KNAFK4A67E5541696
Mitsubishi,Eclipse,2007,SAJWA4DC1AM124342
Lincoln,LS,2006,3MZBM1K75EM548655
Ford,Laser,1984,WBADW3C56CE128479
Saturn,Sky,2008,1GYS3JEF3CR338764
Mazda,Tribute,2003,1D4SD6GT1BC733372
Lexus,LS,2012,SAJWA4FC4EM330287
GMC,Suburban 1500,1995,SALAG2V60FA044780
Acura,Integra,1994,1G4GG5G34DF346249
Lexus,IS-F,2011,WAUCFAFR0FA452926
Volvo,XC90,2011,WBA3A5C58DF650113
Tesla,Roadster,2011,WA1WYAFE6AD291684
Ford,Ranger,2002,KMHTC6ADXCU581816
Mercury,Topaz,1992,1FTWW3B51AE995697
Buick,Century,1994,2B3CK4CV4AH816634
Mazda,CX-5,2013,5UXZW0C52BL926431
Ford,Ranger,2009,KNDJN2A24F7344593
Lincoln,Continental,1995,WAUHF78P98A055593
Mazda,RX-7,1984,3VW4S7AT0EM996950
Ford,E-Series,1992,WAUFL44D73N381906
Subaru,Alcyone SVX,1996,19UUA56983A380898
Nissan,200SX,1998,1C3CCBBB6EN254745
Pontiac,1000,1985,1GD22ZCG1DZ138546
Dodge,Dakota,1995,2T2BC1BA1FC651109
Audi,Q7,2010,WBA3V5C5XF5604778
Chevrolet,Caprice,1992,1VWAH7A37DC545161
GMC,Savana 1500,2004,1G6DL5E34D0684178
Audi,S5,2011,19UUA65634A328500
Mitsubishi,Mirage,1989,WBA4A7C59FG735524
Dodge,Caravan,1997,5GAKRCKD5DJ828627
Cadillac,CTS,2003,1N4AL3AP4DC770978
Mercury,Mountaineer,1999,1FTSW3A5XAE880032
Volkswagen,Rabbit,2007,JTEBU5JR1E5376509
Chevrolet,Corvette,1987,SCBLC47J59C840560
Cadillac,STS,2010,WBS3C9C59FP096011
Volkswagen,Passat,1988,19UUA9F5XEA443555
Buick,Roadmaster,1991,WBABN334X2P461613
Volkswagen,Tiguan,2010,1G6AW5SX5E0543946
Dodge,Ram 2500,1996,1FTEW1CM9EK318796
Jeep,Grand Cherokee,2007,2C3CCAEG3FH253886
GMC,Savana 1500,2004,5J8TB4H33FL458900
Buick,Riviera,1997,WBA3B9C5XDF395517
Ford,Explorer,2002,1N6AA0CH5DN568124
Lamborghini,Gallardo,2007,JH4DC53816S214577
GMC,Sonoma Club Coupe,1994,SCFAD02A26G369152
Mazda,Miata MX-5,1995,WBABD53476P011941
Ford,Falcon,1966,SCBLC31E82C052612
Isuzu,Amigo,1992,JN1BY1PP0FM191966
Eagle,Talon,1990,1G6DJ1E33C0842135
Oldsmobile,Alero,2001,1G4HP54K01U470476
Suzuki,XL-7,2008,5NPDH4AE8BH552007
Mitsubishi,Mirage,1985,WBAEP33494P880546
Chevrolet,Suburban 2500,1992,1G6DA1E33C0167385
Volkswagen,Touareg,2006,3GYT4MEF2BG353080
Chevrolet,Blazer,2003,2LMDJ6JK9BB242059
Chevrolet,Express,2009,SCFEDEAN2CG431633
Volkswagen,GTI,1989,WAUSF78E86A640781
GMC,Savana 2500,2001,3N1BC1CP1CK988842
Toyota,Highlander,2001,2C3CDZFJ6FH535381
Honda,Insight,2002,2C3CDXHGXEH895824
Ford,E250,2003,1FTEW1CF2FF966444
GMC,Yukon,1996,1GD312CG9DF019627
Dodge,Ram Van 2500,2000,JTDKDTB39F1012530
Mercedes-Benz,SLK-Class,2003,WAUFFBFL4DN765479
Ferrari,California,2010,5TDDCRFH4ES294338
Pontiac,Firebird,1999,3D7TP2CT9AG238412
Lamborghini,Diablo,2001,JTDJTUD38DD594682
Toyota,Previa,1992,5GADT13S552754407
Ford,Taurus,1995,WAUFGAFC5FN050818
Mitsubishi,Raider,2008,WAUVFAFR5BA733557
Pontiac,6000,1985,1G6DA1E38E0122784
Nissan,Pathfinder,2009,WAULD54B62N958198
Mercedes-Benz,300SL,1993,5UXZW0C52C0524153
Volvo,V70,2001,2HNYB1H24AH513221
Hyundai,Sonata,1993,1N6AD0CU8CC355747
Chevrolet,Malibu,2001,1G6DJ5EDXB0946877
Panoz,Esperante,2008,WAUDT48H64K694632
Lexus,IS-F,2010,WUADUAFG2CN301802
Lexus,LX,2009,1GYFK43808R662448
Mercury,Topaz,1987,YV1612FH2D1535325
BMW,7 Series,1993,WAUKFAFL0DA377651
Mazda,323,1993,WAUSH98E47A002888
Chrysler,200,2011,19UUA65656A328419
Volkswagen,GTI,2006,4T1BD1FK4EU514618
Geo,Prizm,1996,1VWAH7A32EC243214
Buick,Riviera,1997,WAUMK98K19N855213
Maserati,GranSport,2005,WDDLJ6FB4FA270072
Mercedes-Benz,SL-Class,2005,3D7LT2ETXBG352221
Ford,Ranger,1986,KL4CJHSB9FB531499
MINI,Countryman,2012,JM1NC2JF5B0760763
Mazda,RX-7,1994,JN8AZ2KR9DT810222
Toyota,Previa,1993,1ZVBP8AM4C5190359
Eagle,Talon,1995,KMHTC6ADXDU933309
Volkswagen,Touareg,2007,JN1CV6AP2AM143378
Audi,V8,1992,WBA3F9C56FK382231
Chevrolet,Aveo,2008,1GYFC53279R840999
Cadillac,Seville,1999,1FTEW1CM1EF881365
Toyota,Sequoia,2002,KMHHT6KDXBU762594
Mazda,Tribute,2009,1G6DL8E34C0942795
Ford,Fairlane,1967,5FRYD4H84FB720449
Lincoln,Continental,1990,3VW4S7AT2EM520697
Mazda,Mazda3,2008,TRUUT28N011494396
Porsche,Carrera GT,2004,1HGCP2E43AA243668
Saab,9-5,2011,1B3CB1HA9BD071396
Lotus,Esprit,2004,KL4CJFSBXEB530798
Mercury,Cougar,1985,3VW507AT3EM106113
BMW,M3,2010,2C4JRGAG7DR400227
Ford,F-Series Super Duty,2007,2T1KE4EE3AC596041
Kia,Optima,2002,5UXFA53543L565087
Scion,xD,2008,1GT022CG7EF896249
Lincoln,MKX,2013,4USDU53518L559328
Saturn,Ion,2007,WBADW7C58CE519365
Mitsubishi,Galant,1994,1G6AL5S3XE0475732
Pontiac,GTO,1969,2G4GW5EV7B9414413
Chevrolet,Impala,1996,2T1KU4EE6DC604978
Ford,LTD,1985,WAULT58E04A596130
Hyundai,Elantra,2013,3GYFK628X8G299461
Suzuki,Esteem,1998,5J6TF3H51FL171709
Ferrari,458 Italia,2011,KMHCT4AEXDU401698
GMC,Savana 1500,2008,2HNYB1H60DH052638
Jeep,Wrangler,1995,4T1BK3DB0CU796998
Ford,Econoline E150,1995,KMHEC4A4XDA311470
Saab,9-7X,2008,1D4PT5GK6AW588000
Buick,Park Avenue,1997,JH4CW2H56DC111548
Lexus,LS,2004,JN1CV6FE0EM348436
Kia,Rondo,2008,WBAEV33423K493869
BMW,X3,2011,WA1YL54B75N618620
Mitsubishi,Diamante,1995,5J8TB2H27CA604170
Toyota,Venza,2012,5YMKW8C59F0139136
Chevrolet,G-Series 1500,1998,WAULT54B34N446498
GMC,1500,1997,2B3CJ7DW3AH832142
Ford,Expedition,2005,1C4AJWAGXEL381054
Chevrolet,TrailBlazer,2009,JM1NC2NF8E0899865
Porsche,Carrera GT,2005,SAJWA4EC4BM943524
MINI,Cooper,2012,JTDZN3EU4E3980893
Isuzu,i-Series,2007,KMHFG4JG1FA783305
Hyundai,Accent,2008,2G4WB52K621310558
Mercury,Tracer,1996,WBAVT13506A477232
Ford,F-Series,2011,1HGCR2E34EA941844
Suzuki,Grand Vitara,2007,WBADW7C53DE028204
BMW,3 Series,2011,1FBNE3BL5CD167176
Ford,Taurus,2006,WVGAV7AX8FW685120
Ford,Econoline E350,1999,2G4G05GV0B9240621
GMC,Yukon Denali,2006,WBAPM5G52BN341761
Hyundai,Sonata,1995,1N6AF0LY6EN318054
GMC,Savana 2500,2000,WAUKFBFL0AA631733
Lamborghini,Diablo,2000,SCBDR3ZA0BC152448
Ford,Excursion,2004,WBAYB6C53ED468602
Volkswagen,Golf,2001,WBALY1C51ED213698
BMW,3 Series,2012,SCFAB01A67G597132
Audi,S4,1994,WBA4B1C54FD734129
Spyker,C8 Spyder Wide Body,2004,3LNHL2GC4BR581667
Pontiac,GTO,1969,WBAPL3C54AA982512
Ferrari,458 Italia,2010,3C3CFFHH9FT377354
GMC,Envoy,2009,5N1AN0NU3EN014563
Lincoln,Continental,1997,1GD22ZCG8DZ310619
Buick,Special,1962,1G6AH5SX1D0813716
Chevrolet,Tahoe,1999,WA1MMAFE4AD372718
BMW,7 Series,2004,WAUGN94F49N013432
Plymouth,Acclaim,1995,WDCGG0EB8EG543819
Ford,Tempo,1987,WBAKN9C5XED027970
Chevrolet,Corvette,1967,JN8AZ2KRXBT631538
Lexus,GS,1997,5N1AT2ML0FC828001
Dodge,Ram 1500 Club,1996,1LNHL9EK9FG213713
Dodge,Ram Van B150,1992,19XFB2E52CE696036
Subaru,Impreza,1993,WAUAF78E68A253273
Porsche,928,1991,KNAFU5A23B5686761
Mercury,Monterey,2004,WBA3V7C58EJ386986
Suzuki,Samurai,1992,1G6DK1ED6B0038853
Saab,9-5,2002,WBAEA53509C197297
Suzuki,Forenza,2007,5GAKRCKD8DJ823678
Mitsubishi,Endeavor,2009,1C4RDJAG0EC149012
Jeep,Wrangler,2003,3VW507AT9FM999003
Toyota,MR2,2005,WVWAP7AN1DE533129
GMC,Sierra 1500,2011,WAULC58E22A028927
Audi,Allroad,2002,SAJWA4DC2FM181141
GMC,Envoy,2004,1GKUCHE02AR680713
Audi,A4,2002,WBASP2C56CC332791
Volkswagen,GTI,1996,2C3CDXCT7CH070082
Saab,900,1994,JHMZF1D48DS915843
Oldsmobile,Silhouette,1993,1C3BCBFG2CN472826
Nissan,Frontier,1999,JN8AE2KP8E9623546
Dodge,Viper,2001,WAUKF98P59A317113
Toyota,Tacoma Xtra,2001,WBAPL33589A809099
Pontiac,Firebird,1984,JH4CU4F47BC128349
Mercury,Marquis,1985,W04GN5EC8B1903276
Bentley,Brooklands,2010,1G6AT5S3XE0000324
Jaguar,XJ Series,2003,1G6DM5E31D0148169
Chevrolet,G-Series 2500,1997,WBASN4C57CC677457
Volvo,V70,2001,KMHFG4JG5FA155831
Mitsubishi,Galant,1995,WAUGL98E17A433631
Mazda,626,1992,KMHHT6KD0AU842730
Toyota,Camry,1998,1G6AB5R3XD0256700
Toyota,Highlander,2005,3G5DB03E35S534622
Hyundai,Genesis Coupe,2010,WAUBFAFL1EN767524
Plymouth,Colt,1993,1FMJK1G56BE925922
Ford,Club Wagon,1996,5NPEB4AC9CH696199
McLaren,MP4-12C,2012,4A31K2DF9AE248290
Maserati,Biturbo,1985,1N6AA0CC0DN560131
BMW,Z8,2002,1VWAH7A37EC814583
Oldsmobile,Cutlass Supreme,1996,JTHBE1BL5E5972984
Pontiac,6000,1989,WAUKFBFL2DA681151
GMC,Yukon,2010,WDDGF5EB7BR070829
Buick,Park Avenue,2005,WBAFU9C50DD029911
BMW,Z3,2001,3N1AB6APXBL001078
Buick,Regal,1989,WBAYA6C58DD333116
Ford,Five Hundred,2006,WAULT54B64N130710
Chevrolet,Express 2500,2001,WVWED7AJ5AW531073
Chevrolet,Silverado 1500,2009,3C4PDDEG4CT312149
Volvo,C70,2011,3FAHP0DC8AR305269
Plymouth,Grand Voyager,1994,1GT01ZCG9EF451393
Ford,Mustang,2008,WVWED7AJ2DW871124
Mazda,B-Series,2008,1G6AH5S3XD0792250
Lexus,LS,2006,3CZRE3H37AG331822
Ford,Aerostar,1988,2FMDK3GC6AB004513
Ford,Crown Victoria,1996,YV440MBK2F1863826
Lexus,SC,2005,1VWAH7A32EC300575
BMW,X5 M,2011,1FTMF1E86AK012645
Lexus,GS,2004,1FTWX3B54AE590642
Nissan,350Z,2007,2C3CK5CV3AH805651
Mercedes-Benz,E-Class,2007,2C3CCADG0DH562293
Volvo,V90,1997,19XFB4F20EE714911
Chevrolet,Uplander,2008,WAUVT58E22A681766
Oldsmobile,Silhouette,1996,1GYUCJEF3AR111502
BMW,X5,2013,KMHHU6KJ9FU042115
Mercury,Cougar,1992,2FMDK3AK7CB415728
Buick,Rendezvous,2005,KMHGC4DE2BU952458
Ford,Econoline E350,1997,WAUHFAFL8FN638661
Pontiac,Trans Sport,1998,1G6DS5EV9A0200666
Porsche,911,2002,1FTSW2B5XAE318169
Dodge,D250 Club,1992,WBAUC73539V851831
Shelby,GT500,1968,3GYFNDE37CS061035
Mercedes-Benz,300D,1993,WAUDT74F25N120597
Suzuki,Grand Vitara,2002,1N6AF0KY3FN283928
Mitsubishi,Cordia,1987,19UYA41793A372634
Jeep,Grand Cherokee,2004,1N4AA5APXEC764539
Dodge,Dakota Club,2007,WAUGL58E65A277107
BMW,X3,2008,1GYUKHEF5AR429634
Lexus,ES,2008,WVWED7AJ8CW045571
Buick,LeSabre,1988,WA1LYAFEXAD945055
Chevrolet,Cavalier,1995,1HGCR2F36EA796174
Chevrolet,G-Series G30,1995,WAUDH98E48A059568
Ford,Crown Victoria,2003,WUAGNAFG7BN220853
Suzuki,XL7,2007,WAUVC58E55A184313
Volkswagen,Golf,1993,WVGAK7A96AD561975
Ford,E-Series,2003,2C3CDXCT6FH934995
Chevrolet,Traverse,2009,WBADT33452G328157
Mazda,RX-7,1994,WDDHF5KB9FB469233
Jaguar,XK Series,2004,KM8JT3AB3CU305417
Pontiac,Grand Prix,1999,5TDBY5G1XFS659321
Chevrolet,Suburban 1500,1999,1G4HD57228U018348
Toyota,Echo,2004,WBAEW534X5P975178
Honda,Element,2011,2HNYD2H88DH226277
Hyundai,Azera,2008,KMHCT4AE6DU211512
Ford,Explorer Sport,2002,1G6AX5SX6F0658540
Kia,Rio,2012,WAU3MAFD6FN902193
Scion,xB,2010,WAUGFAFR4CA998609
Subaru,Alcyone SVX,1993,WBA3B3C59DJ661491
Merkur,XR4Ti,1985,JTHBB1BA1B2539926
BMW,5 Series,2005,WBAWV53568P433774
Kia,Sedona,2002,WVGBF7A93AD352184
Lexus,LX,2007,2C3CA4CD3AH632301
Subaru,Forester,1998,2C4RDGDG2CR405234
Pontiac,Bonneville,2005,WP0AA2A99CS692584
Ford,Taurus,2007,WAULC68EX5A039149
Hummer,H1,2003,WAUJT64B12N252286
Ford,Aspire,1995,3D4PH3FG4BT727616
Buick,LeSabre,1990,WBAEB5C57AC556601
Mazda,B-Series,1992,JTEBU5JR7D5521471
Mitsubishi,Tredia,1985,JH4KA96691C599646
Ford,Ranger,1996,3LNDL2L33BR694353
Mercedes-Benz,CLK-Class,2004,1FMCU0C72CK515836
Mercedes-Benz,500E,1992,2C3CCABG2DH607351
Mazda,B-Series,1996,WBAYA8C50DC260969
Lincoln,MKZ,2007,3D7LP2ET9BG429066
Acura,TSX,2005,JN8AE2KP4F9355323
Buick,Century,2004,JH4KB16597C033338
GMC,Jimmy,1993,5N1AN0NW6FN414037
Hummer,H3T,2010,WBANE73536B901185
Volkswagen,Phaeton,2004,JTJBJRBZ7F2533530
BMW,545,2004,1G6AB5R38E0897121
Jaguar,XK Series,1997,KNDMG4C37A6536582
GMC,Vandura G3500,1996,WAUDG68EX5A366109
Daewoo,Nubira,2001,1D4RE3GG5BC967270
Plymouth,Roadrunner,1969,1GYS4FEJXCR362719
Chevrolet,Avalanche 1500,2005,137FA90361E241509
Honda,Element,2009,1HGCR2E73FA905485
Kia,Optima,2005,SALWR2VF4FA355676
Subaru,Outback,2005,WAULC68E25A034186
Acura,RL,2003,3N1CN7AP5FL674985
Ferrari,FF,2012,W04GU5GC4B1950269
BMW,M6,2010,WBAPM73509A946784
Ford,Mustang,2005,WAUUL98E97A630355
Toyota,4Runner,2009,KM8JT3AB2DU106702
Jeep,Wrangler,1992,1N6AA0EK2FN788963
Ford,E350,2006,WAUEKAFB8AN472981
Dodge,Stratus,2002,1VWAH7A39EC252587
Isuzu,Ascender,2006,JM1NC2EF2A0523253
GMC,Vandura 1500,1993,1FM5K7B83EG855682
Chrysler,Pacifica,2004,WAUKF78E65A050304
Ford,Mustang,2009,5LMJJ2J59EE688817
Plymouth,Voyager,1994,JN1AZ4EH2AM610821
Dodge,Neon,1997,SCBZB25E71C157142
Cadillac,Catera,2000,1G6DC5EY1B0295104
GMC,Savana,2010,KMHCM3AC9AU634098
Toyota,Camry,2007,5UXFF03569L386787
Lincoln,Mark VIII,1993,1FTWW3CYXAE089010
Nissan,Altima,2009,WBAPM73549E022650
Ford,Focus,2001,WVGFG9BP6CD494183
Nissan,Altima,2004,5N1AR2MM3DC114898
Oldsmobile,Achieva,1996,1C3CC4FB1AN053383
Cadillac,STS,2007,5UXFH0C53BL410642
Ford,Explorer Sport,2001,WAUSF78E16A823245
Acura,TSX,2006,1N6AA0CC6CN356819
Toyota,T100,1995,4T1BK1EB6EU256304
Toyota,Camry Hybrid,2009,3D73Y3CL8BG582673
Nissan,Altima,2012,WAUMFAFL7AN212256
GMC,Yukon,2003,WAU3FAFR7DA635236
Mazda,MPV,2002,1GYS3GEF6CR727515
Mercedes-Benz,CLK-Class,2009,JN1AZ4EH2AM404169
Volkswagen,Golf,2012,1HGCP2E31AA839725
GMC,Sonoma,1996,WP0CA2A83DK886139
Kia,Mohave/Borrego,2009,WAUDH98E46A124755
Mitsubishi,RVR,1995,1GYUCGEF8AR730695
Nissan,Altima,2008,WBAWV5C58AP464420
Isuzu,Rodeo,1992,2C4RDGEG4ER457143
Dodge,Viper,2000,1GYEC63857R875253
Volkswagen,Scirocco,1986,3TMJU4GN6AM301100
Plymouth,Breeze,1996,JTDZN3EU8FJ884732
Ford,Escort,1985,WVGEF9BP2ED766231
GMC,Sierra 1500,2002,SCBLF34F02C228127
Pontiac,Tempest,1965,1G4GJ5G34CF649709
Mercedes-Benz,S-Class,2006,2C3CCARGXFH316217
Toyota,Land Cruiser,2013,3GYFNJE69BS130069
Mercury,Topaz,1993,5UXKR6C55E0157151
Lexus,IS F,2008,1G6DW677470767322
Lexus,IS,2004,4T1BD1EB2EU992814
Chevrolet,Suburban 1500,2005,WBAUL73548V718591
Toyota,Tercel,1993,5NPDH4AE5CH035605
Saturn,Ion,2004,19UUA65655A064195
Dodge,Caravan,1998,5FRYD4H41GB719662
Lincoln,MKS,2010,SALWR2TF3FA762424
Chevrolet,Camaro,1973,SCBGU3ZA6EC467528
Buick,Roadmaster,1993,WAUTFAFH1CN765415
Mercedes-Benz,CLS-Class,2006,WBA3C1G58EN794698
Hyundai,Genesis Coupe,2013,5N1AA0ND8EN117666
Nissan,Quest,2007,YV140MAM2F1710198
Hyundai,Accent,2010,1G6DG8EG6A0780530
Saab,9000,1994,5TFCY5F10CX266794
Nissan,Pathfinder,2004,JA32U2FU6EU369351
Honda,Fit,2009,WBADT33411G661549
Mazda,Protege,2001,5GAEV13D29J801274
GMC,3500 Club Coupe,1994,YV4960DL6A2751293
Buick,Riviera,1990,SCBET9ZA9F8700755
Kia,Rondo,2008,SAJWA0F77F8155085
Honda,S2000,2000,WAUPL68E45A641935
Mercury,Mountaineer,2002,WAUVT68E35A638774
Dodge,Stratus,1997,WVWED7AJ1DW953684
Ford,Courier,1986,SCBBR53W46C898575
Mazda,Mazda6,2012,WAUEFBFL5BN968518
Buick,Skylark,1990,4T1BB3EKXAU036542
Ford,Econoline E250,2001,KNADH5A30A6052031
Ford,Expedition,1999,JN8CS1MW2FM378953
Land Rover,Discovery,1997,1VWAS7A35FC007658
Infiniti,EX,2010,1N6BF0KX2FN140030
Mitsubishi,Truck,1988,4USBT535X5L041403
Ford,F-Series Super Duty,2007,KNDJN2A27E7876046
Volkswagen,Scirocco,1988,WVGAV7AX3BW153140
Kia,Sportage,1995,1FTMF1EW4AF690589
Pontiac,Bonneville,1988,WVGAV7AX2CW066704
GMC,Sierra 2500,2000,1N6BF0KX6FN128804
Cadillac,Escalade ESV,2004,3VWPG3AG3AM421276
Kia,Spectra,2003,1N6AF0KX1FN207034
Plymouth,Acclaim,1994,JHMZE2H34CS099173
Ford,E350,2006,1GKS1AEC3FR017902
Lotus,Exige,2005,1C4SDHCT5EC039464
Ford,Bronco,1991,2G61R5S35F9315246
Subaru,Alcyone SVX,1997,2HNYD18963H110450
Chevrolet,Blazer,2003,WBAWC7C54AP853072
Acura,MDX,2007,19XFB4F2XEE965452
Lotus,Evora,2011,WBAEN33494E393056
Geo,Storm,1993,2D4RN3DG2BR008887
Audi,5000CS,1988,1G6KY54982U166742
Ford,Contour,1995,1N6AA0CJ3EN591258
Mitsubishi,Mirage,1984,SCBBB7ZHXFC499341
Mercury,Villager,1994,SCBFR7ZA4DC840147
Toyota,Land Cruiser,2008,1GYS3HKJ0FR435698
Ford,F350,2004,KMHEC4A40FA273475
Ferrari,458 Italia,2012,1N6AA0CH6DN344571
Chevrolet,Malibu,2003,5UXZW0C54D0805243
Dodge,Aries,1981,WBA5A7C59ED053621
Chrysler,Concorde,1994,JTHKD5BH8D2558202
Pontiac,Aztek,2005,YV126MFC6F1305502
BMW,Z4,2012,5XYKT3A10CG122266
Jeep,Grand Cherokee,1999,SCBGH3ZA7FC719678
Subaru,SVX,1993,5N1BA0ND7FN026376
Ford,Expedition,2000,1FTEX1EWXAK496898
Jeep,Patriot,2011,3LNDL2L30CR840600
Infiniti,G,2006,WAUDH94F66N646794
Dodge,Ram Van 1500,2003,5UXKR2C52F0009954
Mercury,Grand Marquis,2005,2C3CDXFG6FH142506
Lamborghini,Gallardo,2004,WBAEP33495P005548
Cadillac,Eldorado,2000,5FRYD3H84FB370010
Lotus,Esprit,1999,WAUFFAFM5AA702381
GMC,Sonoma,1999,19XFB2E57DE992669
Jeep,Wrangler,2011,WBA6B2C50DD452257
Pontiac,Bonneville,1986,JN1EY1AP7DM616926
GMC,Sonoma,1992,1GYS3AKJ9FR741774
Ford,Probe,1997,1N4AA5AP5BC255762
Mazda,RX-8,2006,19UUA65556A780488
Nissan,Pathfinder,1998,JM1NC2JF0B0716458
Toyota,Land Cruiser,2008,JHMFA3F28BS273906
Porsche,Boxster,2013,WBADR63472G426462
Volvo,XC70,2009,3C63D3NLXCG885806
Studebaker,Avanti,1963,3VW4A7AT7CM113040
Mercedes-Benz,SL-Class,1988,1FMEU7EE7AU351823
Mazda,RX-8,2007,1GYEK63N96R215630
Subaru,Justy,1992,WAUSH78EX8A450512
Toyota,4Runner,2011,1D7RW2BK4AS340330
Ford,Mustang,1984,3GYFNGEY6BS495488
Mitsubishi,Starion,1986,WAUGU44D42N826358
Ford,F-Series,1987,WA1YD54B92N688600
Pontiac,Safari,1988,WBAUN13518V667929
Kia,Amanti,2009,1C4NJPBA2DD864340
Toyota,Camry,2007,JN1BY0AR6AM745962
Mitsubishi,Pajero,1984,JTEBU4BF5CK121648
Audi,TT,2003,4A4AP3AU7EE926546
Mercedes-Benz,S-Class,1993,5UXFB93573L070662
Chevrolet,Express 3500,1997,3C63D2CL1CG896075
Volvo,C70,2006,WBAYP9C52FD382525
BMW,525,2003,2T1KU4EE8DC178808
Chevrolet,Corvette,2008,WAULC68E23A740880
Pontiac,Grand Am,2001,SCBDC47L18C932088
Mercedes-Benz,SLK-Class,2004,1G6DK5EG8A0510809
Chrysler,300M,1999,1G6YX36D785404117
Pontiac,Grand Prix,1989,1D7RB1GP0AS430651
Mercedes-Benz,S-Class,1987,JTDJTUD38ED778859
Honda,Prelude,1986,SCFLDCFP5EG003063
Volkswagen,Passat,1999,1N6AD0CU1EN725931
Buick,Riviera,1995,1C4RDJAG9EC211166
Porsche,911,1992,3GYFNJE43AS384311
Toyota,Xtra,1992,WBAUP73538V477725
Dodge,Ram Van 1500,2000,2HNYD18291H974537
GMC,Sierra,2011,WBAFZ9C56CC945725
Ferrari,F430,2009,1GYS4BEF1CR771714
Chevrolet,Suburban 1500,1997,SCFAD01A55G998579
Lexus,LFA,2012,1N6AA0CC0DN819877
Dodge,Durango,2011,1G6DP8E33C0188714
Ford,Econoline E150,1999,2C4RDGBG2DR136723
Chevrolet,TrailBlazer,2009,2C4JRGAG3ER459700
Aston Martin,V8 Vantage,2008,5N1CR2MM1EC051892
Mitsubishi,Precis,1986,WAUVC68E04A208263
Nissan,NX,1992,WBAWV53548P801093
Nissan,Frontier,2002,WBA3B5G52EN293557
Audi,A5,2012,WVWAA7AH8AV170478
Toyota,T100,1998,5TDBK3EH4DS966695
Volvo,940,1994,3C4PDCAB5ET888193
Chevrolet,3500,1998,KMHHT6KD4BU895142
Chevrolet,Camaro,1970,2T1BURHE7EC616194
Mazda,B-Series,1997,SCBBR9ZA8CC220684
BMW,3 Series,2007,3C63DPML1CG978688
Pontiac,Sunfire,2001,WAUCVAFR6BA766190
Isuzu,Amigo,1992,WDDGF4HB6DG662680
Buick,Riviera,1979,WBA5B1C5XFD450816
Mercedes-Benz,SLK-Class,2005,SALAB2V62FA717454
Subaru,Forester,2000,2C3CCAKT1CH505129
Audi,A5,2009,WAUDG74F56N133673
Lincoln,Town Car,2005,KMHHT6KD4CU817493
Chevrolet,Astro,1994,JN1BY1PP8FM080405
Nissan,Sentra,2000,5UXFA93556L342388
Chevrolet,Astro,2001,1HGCP2E46AA784794
Lincoln,MKZ,2008,WBA3T1C57FP469987
Subaru,Outback,2000,2C3CDXEJ6DH151703
GMC,Vandura G3500,1996,5TDBK3EH6BS771291
Pontiac,Torrent,2009,2G4WY55J211806568
Lotus,Elan,1994,1G6DW677760594331
Land Rover,LR3,2007,5GAKVBKD5EJ913264
Ferrari,458 Italia,2010,JM1GJ1T50E1937084
Land Rover,Freelander,2011,1G6DP1E32C0093391
Chevrolet,Caprice,1994,1G6DF8E59C0045674
GMC,Safari,2000,WBA3B3C57DJ902173
Toyota,Avalon,2006,JH4KB2F50BC041987
Mercedes-Benz,M-Class,1998,3VWML7AJ5CM666682
Ford,Explorer,2001,YV4902BZ3C1164921
Toyota,Land Cruiser,2008,WBABS53402E604634
Ferrari,612 Scaglietti,2006,1GKLRKED4AJ059451
Chrysler,Crossfire,2007,WVWAP7AN8EE201738
Volkswagen,Fox,1988,WBA3X5C53ED321511
Pontiac,Trans Sport,1998,WBA6A0C56ED328521
Suzuki,Swift,2001,1G6DX67D680494808
Mercedes-Benz,SL-Class,1994,SCBGR3ZA7CC053575
Toyota,Avalon,2009,1GTC5MF97C8593423
BMW,3 Series,1992,2C3CCAGG7EH576219
Lincoln,Continental Mark VII,1987,2HNYD28227H079177
Hyundai,Entourage,2009,1G6DP1E32C0895326
Acura,Integra,1996,WAUAFAFH1CN942410
Chevrolet,Impala,2007,1N4AL3AP5DC824790
Chevrolet,Express 3500,2012,WBAYA6C59FG253115
Dodge,Journey,2009,1GYUKEEJ3AR317644
Toyota,Solara,2003,1FTSX2A58AE460289
Chevrolet,Suburban 2500,2004,1GKS1EEF0DR394329
Audi,90,1990,WA1WKAFP7AA728970
Mitsubishi,Pajero,2000,1ZVBP8JZ4E5781483
Lexus,IS F,2010,1ZVBP8AM7B5452955
Acura,NSX,2003,1GYUKJEFXAR941672
Plymouth,Acclaim,1993,1GTN1TEH7EZ042154
GMC,Sierra 3500,2006,WAUDF78E06A484499
Jeep,Patriot,2008,JHMZE2H55ES336435
Toyota,Sienna,2007,WAUMF78P16A047757
Chevrolet,Silverado 1500,2003,5N1AN0NU2EN111219
Subaru,Legacy,1989,1GKS2FFJ1BR975373
Mercury,Tracer,1996,WA1YD64B03N444146
Mitsubishi,Pajero,1998,WA1WMAFE4AD899392
Ford,Edge,2010,SCBBR9ZA2CC247055
Volvo,C30,2012,SCFAB22312K377690
Cadillac,Escalade ESV,2009,1GYS4KEF4ER147179
Ford,Ranger,1992,SAJWA4GB8FL343041
Nissan,Pathfinder,1997,JTDKN3DU3B0313426
Kia,Rondo,2007,1GKS1HE06DR586125
Pontiac,LeMans,1992,JN8AE2KP7B9001922
Ford,Expedition EL,2010,2G61N5S32F9524150
Toyota,Highlander,2006,WAUKFAFLXCA670889
Lexus,SC,2003,JH4KA96502C329942
Toyota,Land Cruiser,1996,19UUA66257A850352
Volkswagen,Rabbit,2006,JN1AY1AR3DM491309
Isuzu,i-370,2008,WBAPT73549C880456
Mercedes-Benz,SL-Class,1984,1C3CDWEA8CD694511
Mazda,RX-7,1993,WA1CGAFE1CD272744
Toyota,RAV4,1996,1N6BF0KM2FN800055
Maserati,Coupe,2005,WDDGF5EBXBA750271
Dodge,Shadow,1992,3C6TD5KT8CG110162
Toyota,Truck Xtracab SR5,1989,1GYS3HEF4DR205103
Subaru,Alcyone SVX,1992,4T1BF1FK9EU402066
Toyota,4Runner,2006,WAUXL58EX5A242814
Pontiac,Sunbird,1984,1FTWW3B59AE370335
Cadillac,Escalade EXT,2011,2G4WB55K921811911
Suzuki,Grand Vitara,2002,2HNYD182X5H282342
Volvo,XC90,2006,19UUA76668A827186
Pontiac,Vibe,2008,5GAKRAED4CJ514708
Volvo,XC60,2011,1C3CDZBG3EN388968
Ford,Excursion,2002,WAUSGAFBXAN658882
Honda,CR-V,2012,WAUDV94F39N304507
Buick,LaCrosse,2007,WBAUP7C51BV643926
Nissan,Maxima,2005,2T2BK1BA9EC019881
Infiniti,FX,2004,WVWED7AJ7CW235636
Ford,Escort,1997,1FTWW3DY4AE509391
Dodge,Viper,1999,4A37L2EFXAE547650
Toyota,RAV4,1999,1GYEC63N35R218941
Hyundai,Genesis,2011,3C63DRGL7CG424868
Chevrolet,Corvette,2003,19XFA1E56AE370170
Mitsubishi,Mighty Max Macro,1993,WBAXA5C51FD571303
Volkswagen,Cabriolet,1991,WBAYE0C56ED199337
Nissan,Quest,2011,WAUGFAFR5EA927793
Daewoo,Leganza,2002,SCBDR33W69C259275
Chevrolet,Tahoe,2009,1C4RDJEG4DC495086
Subaru,Impreza,2005,JM1NC2JF8C0298314
Toyota,Tacoma,1998,WAUHF78P37A599375
Mercedes-Benz,CL-Class,2003,1D7RW3BK9AS126648
Isuzu,i-370,2007,WAUUL78E45A125020
Lotus,Esprit,1995,JTHBK1EG5A2079362
Mazda,929,1991,1VWAP7A31EC379188
Porsche,Boxster,2013,1GYS3JEF2BR342464
Dodge,Caliber,2007,1G6DM1ED3B0874386
Maserati,Spyder,1990,2HNYD189X3H986177
Lexus,GS,2003,2G61R5S38F9963115
Dodge,Dakota,1999,WAUUL98E67A203442
Ford,Festiva,1991,JN8AF5MR6DT282324
Porsche,911,1985,WBAWB33578P374019
Ford,Thunderbird,1997,1C3CDWBA5CD776801
Mercedes-Benz,S-Class,1986,1FADP5AU4DL323084
Hummer,H3,2010,SAJWA6A74F8500129
Chrysler,Sebring,2004,1HGCP2E72BA789194
Chrysler,Town & Country,1992,WAUFL54D21N268724
Mazda,RX-7,1985,2G4GP5EX8E9490340
Porsche,911,2007,3D7LP2ET5AG799302
Jaguar,XJ Series,2001,1FTSW2B52AE438600
Volkswagen,Type 2,1987,WAU2GAFC8DN451176
Toyota,Tundra,2012,KMHTC6ADXDU874407
Chevrolet,APV,1992,WBAWL13557P637057
Mercedes-Benz,W201,1993,1N6AD0CU2AC823971
BMW,Z3,2002,1GD322CG6EF617902
BMW,3 Series,2002,1GD01ZCG8BF153991
Ford,Fairlane,1967,KMHHT6KD8CU377990
Lincoln,MKX,2012,WAUGU44D52N723921
Chrysler,Crossfire Roadster,2006,YV1612FHXD1636872
Ford,Laser,1985,WBAYM9C57DD183850
Ford,Mustang,1969,19XFA1E67AE282169
Ford,Aerostar,1988,WBAFU9C55DD172076
Ford,F150,1994,5UXKR0C52E0110320
Dodge,Caravan,2006,137ZA83311E379820
Buick,Enclave,2008,1NXBU4EE2AZ651516
Suzuki,Grand Vitara,2003,1GYEK63NX2R958243
Subaru,Impreza,1994,1G4CW54KX44787957
Audi,A7,2012,5N1BA0NE9FN827190
BMW,Z4,2003,KNADH4A32A6400826
Mercedes-Benz,CLK-Class,2002,WBAWB73589P997772
Volvo,XC90,2003,5UXFE4C56AL602412
Chevrolet,Silverado 2500,2010,1D7CW5GK1AS198809
Kia,Amanti,2006,5GAKRCKD5FJ503995
BMW,750,2006,WAULD54BX4N024466
Buick,Century,1991,JTDKDTB37D1849791
Ford,Aerostar,1996,2G4GX5GV4B9750739
Pontiac,Bonneville,1996,3D7JB1EK0AG299555
Ford,F350,2001,1GD12YEG5FF209786
Kia,Sephia,2000,1N6AD0CU1EN546398
Infiniti,EX,2009,WBSWL93518P324504
Aston Martin,V8 Vantage,2009,KNDPB3A29C7175126
Hyundai,Elantra,2003,WAURGAFD2EN575260
Toyota,Camry,1995,SCBZB25E31C566478
Nissan,Altima,1995,1G4PS5SK0F4650853
Toyota,RAV4,2007,JTJHY7AX2F4910490
Ford,Explorer Sport Trac,2009,ML32A3HJ4EH584855
Mercedes-Benz,S-Class,2004,WBA3C1C58EK954506
Jeep,Liberty,2007,2G4GW5EV8B9764276
Kia,Sephia,1996,WDDJK7DA6FF870308
Mitsubishi,Eclipse,2000,2C3CCASG7FH581834
Chevrolet,Volt,2012,5GAKRBKD4FJ604732
Mercury,Cougar,1991,WA1CV94LX9D816883
Ford,Crown Victoria,2009,WDDHF0EB4EA569968
Mitsubishi,Chariot,1989,1GD01XEG4FZ720168
Shelby,GT350,1969,KNADH5A39A6925954
Dodge,Grand Caravan,2001,2FMDK3GCXAB149182
Hyundai,Santa Fe,2004,1GYS4HEF4DR585847
Lexus,ES,1997,5N1AA0ND4EN623205
Ford,C-MAX Hybrid,2013,SCBLF34F16C296507
Land Rover,Range Rover,1986,2G61N5S39D9557224
Toyota,Camry,1993,JH4CL96977C694644
Volkswagen,Passat,1988,JN1CV6APXBM229085
Buick,Park Avenue,1996,3VW467AT2CM139644
Plymouth,Prowler,1997,WBAWB33528P251602
Land Rover,Discovery,2000,JN1AZ4EH3FM834655
Chrysler,PT Cruiser,2007,3N1CE2CP8EL115056
Pontiac,Firefly,1984,1N6BF0KX6FN877974
Ford,Aspire,1997,3D7TP2CT1BG918211
Porsche,928,1989,1G6DH8E57D0831789
Toyota,Matrix,2005,WBABS33471J357302
Pontiac,6000,1984,5J8TB2H56CA021082
Infiniti,G,2004,WP1AA2A24BL261402
Audi,A3,2006,1G6DC8E50C0622827
Lincoln,Continental,1995,1G6DW677560117767
Buick,LeSabre,1996,5UXWX9C5XE0365700
Saturn,Aura,2008,WBA5A7C56FD563670
Dodge,Viper,2005,1G4HC5EM8AU015239
Volvo,S40,2007,5N1AZ2MG0FN318947
Dodge,Dakota Club,1997,3N1AB7AP9FL462610
Toyota,Land Cruiser,1994,1C3CDFDH9ED510355
Cadillac,Eldorado,2000,1GYS4CKJ8FR649886
Toyota,Land Cruiser,2013,3GYFNAEY0BS035515
Cadillac,Escalade EXT,2010,WAUHE98P09A526966
Toyota,Yaris,2011,5NPDH4AE4FH017259
Suzuki,Swift,1988,1D7CE3GK2AS056539
Buick,LaCrosse,2009,WBADT33493G886188
Buick,Lucerne,2009,3N1AB7AP1FY341184
GMC,Savana 2500,2006,3N1CN7AP7FL449483
GMC,Savana 1500,2006,3N1AB6AP8BL922442
Ford,Bronco II,1990,WBAUP7C54AV286837
Chevrolet,K5 Blazer,1995,WAULD54B03N646332
Acura,RL,2012,JN1AZ4EH4FM591731
Chevrolet,Avalanche,2012,WAUAF78E38A983819
BMW,3 Series,1997,3D73Y3HL1AG600812
Volkswagen,Jetta III,1993,1C3CCBCG8EN858520
Volkswagen,GTI,1986,1B3CB5HA2AD354244
Scion,xB,2009,WBA1F5C55FV774177
Volkswagen,Jetta,1985,1G6DH577790699010
BMW,745,2005,3VW8S7AT9FM280812
Pontiac,Torrent,2007,1GD01ZCG6EF749170
Volkswagen,Fox,1990,5FPYK1F20BB637221
Pontiac,Sunbird,1990,WAUWFBFL7BA728608
Subaru,Alcyone SVX,1993,1FBNE3BL9DD113865
Ford,E-Series,2002,5TFBW5F15DX172493
GMC,Sierra 3500,2008,1FTMF1EW9AF473538
Honda,Civic,2001,2C3CDXBG0FH334462
Chevrolet,Silverado 3500,2006,4T1BF1FK3FU221658
Dodge,Caravan,1995,WBA3K5C59EK693400
Audi,A8,2003,WVGEF9BPXDD773393
Buick,Roadmaster,1996,3GYFNFE34ES494035
Ford,F150,2001,19XFA1E58BE942664
Toyota,Avalon,1996,WBA1J7C54EV111384
Chrysler,Crossfire Roadster,2006,1G6DS5E38C0643604
Pontiac,Sunfire,1998,JH4CU2F60CC099686
Kia,Spectra,2005,WAULT68E65A166707
Acura,Integra,1996,4USBT33505L270483
Honda,Prelude,1986,3LN6L2G98DR838750
Suzuki,Kizashi,2010,WBAKE5C54CE578458
Mazda,RX-7,1985,WAUMF78K49N964872
Buick,Skyhawk,1987,4A31K5DF9CE295064
Audi,100,1990,55SWF4JBXFU862103
Chevrolet,Avalanche 1500,2004,WDCYC7DF7FX557063
Mercury,Milan,2009,WAUPL58E05A131107
Buick,LeSabre,2003,WBAGN83424D360685
Ford,Bronco II,1988,WA1YD54B72N108048
Lamborghini,Diablo,1991,WA1LKAFPXAA393027
GMC,Safari,2004,5UXFA53563L069725
Saturn,VUE,2008,1GKMCCE30AR342451
Oldsmobile,Regency,1997,KMHTC6AD5CU164197
BMW,3 Series,1995,3VWF17AT6FM179138
Lexus,ES,1998,2G4WE587X61010196
Chevrolet,Express 2500,1999,SCFEBBCF7CG639016
GMC,1500 Club Coupe,1999,JH4KB2F67CC751852
Lincoln,Mark LT,2007,3VW467AT3DM335500
Cadillac,CTS,2003,1G6DC67A990916248
Lexus,LX,2000,4USDU53427L694291
Jeep,Cherokee,1992,SCBFR7ZA6DC039882
Mazda,Mazda3,2010,5BZAF0AA6FN052643
Chevrolet,Camaro,1998,KMHHU6KJXFU294102
Oldsmobile,Silhouette,1996,WUARL48H78K008275
Dodge,Avenger,1996,1G6AH5R34E0527590
Spyker,C8 Laviolette,2004,1FTWW3B58AE954371
Land Rover,Range Rover,1999,3D7TP2HT7AG754373
Plymouth,Acclaim,1993,5UXWZ7C54F0254897
Lexus,LX,2002,WAUPL58E44A147678
BMW,3 Series,2007,JN1BY1AP3DM162130
Mercedes-Benz,CL-Class,2002,JA32X8HW1AU002070
Volvo,XC90,2011,2G4WC552261151746
BMW,7 Series,1996,5N1AZ2MG0FN149366
Ford,E250,2007,SCBCR63W84C877719
Mazda,CX-7,2008,19UUA8F29AA317293
Acura,TSX,2010,KMHHT6KD6DU967073
Pontiac,Bonneville,1998,YV1852AR6A1433289
GMC,Savana 3500,1997,2D4RN3D11AR008891
Toyota,MR2,1985,2G4WE587X71585402
Chevrolet,K5 Blazer,1995,WBAPH7C57AA942899
Audi,Coupe GT,1986,3D7JB1EP9BG621509
Mitsubishi,Mirage,2000,1N6AD0CU6AC591682
Bentley,Arnage,2006,2CTALBEW1A6836790
Jeep,Liberty,2009,WBAWC33568P947750
Chrysler,Sebring,2002,1GD22XEG5FZ340181
Dodge,Ram Van B150,1993,SCBFU7ZA7DC296998
Hyundai,Azera,2006,JN8AF5MR8CT926016
